Gene_ID,MS_logFC
ENSMUSG00000000001,-0.447207819
ENSMUSG00000000215,-1.877979897
ENSMUSG00000000253,0.83881717
ENSMUSG00000000276,-0.435146377
ENSMUSG00000000278,0.356618741
ENSMUSG00000000295,1.189996748
ENSMUSG00000000303,-0.817373885
ENSMUSG00000000308,2.30794632
ENSMUSG00000000378,1.46101297
ENSMUSG00000000538,-1.182091241
ENSMUSG00000000738,-0.406816786
ENSMUSG00000000740,0.2480494
ENSMUSG00000000826,-0.886217591
ENSMUSG00000000902,0.335127891
ENSMUSG00000001025,5.220587117
ENSMUSG00000001119,3.154623957
ENSMUSG00000001127,0.352387484
ENSMUSG00000001143,0.853633398
ENSMUSG00000001173,0.449262627
ENSMUSG00000001229,-0.388357545
ENSMUSG00000001247,-0.975501507
ENSMUSG00000001248,0.744312587
ENSMUSG00000001285,0.941957015
ENSMUSG00000001380,0.641881156
ENSMUSG00000001416,0.477496163
ENSMUSG00000001472,0.950335365
ENSMUSG00000001507,0.244628939
ENSMUSG00000001525,0.217930453
ENSMUSG00000001552,0.988460394
ENSMUSG00000001663,0.681660097
ENSMUSG00000001707,0.449095988
ENSMUSG00000001755,0.271302915
ENSMUSG00000001774,0.717308579
ENSMUSG00000001794,0.460964089
ENSMUSG00000001999,0.606778613
ENSMUSG00000002010,-0.540154115
ENSMUSG00000002227,1.54430188
ENSMUSG00000002265,-0.451714484
ENSMUSG00000002279,1.070820815
ENSMUSG00000002319,0.307818283
ENSMUSG00000002326,0.379363065
ENSMUSG00000002365,0.466103676
ENSMUSG00000002395,0.427732976
ENSMUSG00000002455,0.393346612
ENSMUSG00000002477,0.143144089
ENSMUSG00000002496,-0.306939916
ENSMUSG00000002546,0.478830063
ENSMUSG00000002660,-0.322257115
ENSMUSG00000002731,1.231790079
ENSMUSG00000002741,-0.301051282
ENSMUSG00000002812,0.569265485
ENSMUSG00000002900,0.494509378
ENSMUSG00000002949,0.349166265
ENSMUSG00000002963,0.652015807
ENSMUSG00000002981,0.973545988
ENSMUSG00000002997,-0.668025376
ENSMUSG00000003031,0.907281581
ENSMUSG00000003033,0.203650246
ENSMUSG00000003037,-0.245965575
ENSMUSG00000003135,-0.621031187
ENSMUSG00000003161,0.46324078
ENSMUSG00000003184,0.941126293
ENSMUSG00000003235,0.504583501
ENSMUSG00000003309,0.325913409
ENSMUSG00000003363,1.302680332
ENSMUSG00000003411,-0.958418442
ENSMUSG00000003500,0.244775377
ENSMUSG00000003528,-0.309250687
ENSMUSG00000003546,0.547828129
ENSMUSG00000003559,0.695634109
ENSMUSG00000003604,0.8663605
ENSMUSG00000003731,0.226082571
ENSMUSG00000003808,1.233084696
ENSMUSG00000003809,-0.321799085
ENSMUSG00000003814,-0.542258362
ENSMUSG00000003868,0.412293628
ENSMUSG00000003923,-0.730228391
ENSMUSG00000004032,1.024684501
ENSMUSG00000004056,-0.287968777
ENSMUSG00000004069,-0.284654369
ENSMUSG00000004207,-0.581487923
ENSMUSG00000004233,-0.602993058
ENSMUSG00000004266,1.43663337
ENSMUSG00000004267,0.328745987
ENSMUSG00000004455,0.155488213
ENSMUSG00000004626,0.288634829
ENSMUSG00000004846,0.603016439
ENSMUSG00000004849,0.647848281
ENSMUSG00000004897,-0.439671947
ENSMUSG00000004937,0.550525491
ENSMUSG00000004951,1.991546249
ENSMUSG00000004980,-0.522267132
ENSMUSG00000004996,1.091667014
ENSMUSG00000005034,-0.906825297
ENSMUSG00000005054,0.341000421
ENSMUSG00000005069,0.696972203
ENSMUSG00000005142,0.585895752
ENSMUSG00000005161,0.333995561
ENSMUSG00000005198,0.460981911
ENSMUSG00000005374,0.173855288
ENSMUSG00000005447,0.62205772
ENSMUSG00000005469,-0.872290113
ENSMUSG00000005483,0.232323932
ENSMUSG00000005514,0.357647781
ENSMUSG00000005533,-0.876212839
ENSMUSG00000005566,-0.209653538
ENSMUSG00000005575,0.196473925
ENSMUSG00000005683,-0.398336569
ENSMUSG00000005779,-0.967927932
ENSMUSG00000005846,0.395670323
ENSMUSG00000005873,-0.188563587
ENSMUSG00000005882,-0.33155704
ENSMUSG00000005951,0.623541964
ENSMUSG00000005981,0.607422014
ENSMUSG00000006024,-0.706584135
ENSMUSG00000006058,-0.191465399
ENSMUSG00000006095,0.388939628
ENSMUSG00000006134,0.389426194
ENSMUSG00000006273,-0.366393914
ENSMUSG00000006356,0.569040906
ENSMUSG00000006373,-0.428143512
ENSMUSG00000006378,-0.907060125
ENSMUSG00000006456,0.685366454
ENSMUSG00000006464,0.718564038
ENSMUSG00000006498,-0.306817356
ENSMUSG00000006575,0.34798767
ENSMUSG00000006699,-0.204645902
ENSMUSG00000006717,-0.436910614
ENSMUSG00000006728,-0.725836981
ENSMUSG00000006782,1.400876227
ENSMUSG00000007029,0.340271027
ENSMUSG00000007039,0.810030993
ENSMUSG00000007564,0.426352783
ENSMUSG00000007594,-0.743423421
ENSMUSG00000007655,1.477318846
ENSMUSG00000007670,-0.433700871
ENSMUSG00000007739,0.336660956
ENSMUSG00000007833,0.595576991
ENSMUSG00000007836,-0.432213155
ENSMUSG00000007880,-0.419643792
ENSMUSG00000008200,0.522029273
ENSMUSG00000008333,-0.143521655
ENSMUSG00000008450,-0.476071316
ENSMUSG00000008601,1.265706072
ENSMUSG00000009079,-0.153737362
ENSMUSG00000009090,0.319094678
ENSMUSG00000009291,-0.517054515
ENSMUSG00000009394,0.815177065
ENSMUSG00000009535,0.345090356
ENSMUSG00000009555,-0.200366035
ENSMUSG00000009563,0.52986642
ENSMUSG00000009863,-0.379801611
ENSMUSG00000009894,0.550869144
ENSMUSG00000009907,-1.072922495
ENSMUSG00000010097,0.32359585
ENSMUSG00000010205,-0.465362493
ENSMUSG00000010517,0.303897611
ENSMUSG00000010608,0.62084168
ENSMUSG00000010911,0.959821695
ENSMUSG00000011148,0.874985996
ENSMUSG00000011382,0.454034275
ENSMUSG00000011752,-0.438605879
ENSMUSG00000011884,-0.301709961
ENSMUSG00000013822,-0.983330601
ENSMUSG00000014074,-1.081991545
ENSMUSG00000014226,0.484374772
ENSMUSG00000014601,0.294754312
ENSMUSG00000014602,0.577678282
ENSMUSG00000014905,-1.317283244
ENSMUSG00000014959,-0.50182641
ENSMUSG00000015087,-0.454449511
ENSMUSG00000015143,0.570839361
ENSMUSG00000015149,0.396155964
ENSMUSG00000015165,-0.239463782
ENSMUSG00000015176,-0.383748414
ENSMUSG00000015214,0.994053968
ENSMUSG00000015247,-0.664654441
ENSMUSG00000015290,0.296762826
ENSMUSG00000015401,0.874968266
ENSMUSG00000015405,0.190161126
ENSMUSG00000015568,-1.355004057
ENSMUSG00000015656,0.501018057
ENSMUSG00000015747,0.524550815
ENSMUSG00000015749,-0.611466986
ENSMUSG00000015889,0.436604735
ENSMUSG00000015937,-0.487675254
ENSMUSG00000016018,0.369322786
ENSMUSG00000016253,0.39331109
ENSMUSG00000016256,1.210605573
ENSMUSG00000016382,0.406140332
ENSMUSG00000016481,0.835470576
ENSMUSG00000016494,0.780140555
ENSMUSG00000016534,-0.595091914
ENSMUSG00000016541,0.650920916
ENSMUSG00000016933,0.548487746
ENSMUSG00000017188,-0.271065021
ENSMUSG00000017316,0.58374282
ENSMUSG00000017390,1.634364835
ENSMUSG00000017697,0.381602219
ENSMUSG00000017774,0.549351735
ENSMUSG00000017843,0.501697123
ENSMUSG00000017943,0.725704521
ENSMUSG00000018042,-0.415149585
ENSMUSG00000018199,-0.727699342
ENSMUSG00000018293,0.403559905
ENSMUSG00000018322,0.724684945
ENSMUSG00000018379,-0.342165557
ENSMUSG00000018395,0.362439145
ENSMUSG00000018411,0.949360919
ENSMUSG00000018417,0.775792377
ENSMUSG00000018446,-0.72202676
ENSMUSG00000018541,0.774651062
ENSMUSG00000018574,0.385186555
ENSMUSG00000018583,0.576194727
ENSMUSG00000018659,0.668088247
ENSMUSG00000018666,-0.310270979
ENSMUSG00000018672,-0.510845105
ENSMUSG00000018761,1.070000245
ENSMUSG00000018765,0.552843757
ENSMUSG00000018796,0.311209175
ENSMUSG00000018830,1.233177314
ENSMUSG00000018848,0.726881639
ENSMUSG00000018974,0.480460702
ENSMUSG00000018995,-0.561592089
ENSMUSG00000019066,-0.779787887
ENSMUSG00000019143,-0.388311603
ENSMUSG00000019179,-0.526514613
ENSMUSG00000019428,-0.512189995
ENSMUSG00000019494,0.336434032
ENSMUSG00000019579,-0.383715277
ENSMUSG00000019790,0.351993654
ENSMUSG00000019791,-1.013642882
ENSMUSG00000019810,0.515393158
ENSMUSG00000019822,0.528988656
ENSMUSG00000019852,-0.548970092
ENSMUSG00000019864,-0.662830879
ENSMUSG00000019907,0.396357678
ENSMUSG00000019916,0.401969242
ENSMUSG00000019920,0.483039471
ENSMUSG00000019961,-0.557508
ENSMUSG00000019961,-0.429814025
ENSMUSG00000019984,0.651125516
ENSMUSG00000020018,-0.08754799
ENSMUSG00000020070,-0.291272519
ENSMUSG00000020075,0.30158255
ENSMUSG00000020078,0.254325128
ENSMUSG00000020079,-0.374045785
ENSMUSG00000020085,0.767693979
ENSMUSG00000020086,-0.124607463
ENSMUSG00000020097,-0.425182841
ENSMUSG00000020132,-0.370335496
ENSMUSG00000020166,-1.178225419
ENSMUSG00000020180,-0.142000438
ENSMUSG00000020182,0.47886171
ENSMUSG00000020219,-0.434996418
ENSMUSG00000020241,3.393630455
ENSMUSG00000020256,-1.50744879
ENSMUSG00000020260,-0.50460881
ENSMUSG00000020328,-0.130493686
ENSMUSG00000020358,-0.563289933
ENSMUSG00000020368,-0.562405148
ENSMUSG00000020375,0.355218614
ENSMUSG00000020376,0.519182704
ENSMUSG00000020386,-0.603591276
ENSMUSG00000020412,0.462605951
ENSMUSG00000020432,1.134546474
ENSMUSG00000020440,-0.412103971
ENSMUSG00000020456,-0.477417345
ENSMUSG00000020457,0.317106151
ENSMUSG00000020514,-1.382655309
ENSMUSG00000020532,0.381287583
ENSMUSG00000020537,0.587476209
ENSMUSG00000020541,1.174933797
ENSMUSG00000020571,-0.390415936
ENSMUSG00000020593,1.323663905
ENSMUSG00000020605,-0.223309621
ENSMUSG00000020609,0.514874157
ENSMUSG00000020611,-0.398646462
ENSMUSG00000020612,-0.548854433
ENSMUSG00000020621,0.554026974
ENSMUSG00000020650,0.872319425
ENSMUSG00000020671,-0.379410402
ENSMUSG00000020732,-0.404688397
ENSMUSG00000020736,1.02397544
ENSMUSG00000020740,0.294791757
ENSMUSG00000020745,-0.429573662
ENSMUSG00000020775,1.09181289
ENSMUSG00000020802,-0.220476569
ENSMUSG00000020827,0.736741241
ENSMUSG00000020840,0.529831396
ENSMUSG00000020841,-0.619863469
ENSMUSG00000020847,-0.848675221
ENSMUSG00000020849,-0.388510641
ENSMUSG00000020857,-0.316325024
ENSMUSG00000020859,0.494293495
ENSMUSG00000020877,1.133657583
ENSMUSG00000020883,0.740419409
ENSMUSG00000020894,-0.685580068
ENSMUSG00000020899,-0.714374966
ENSMUSG00000020903,0.304567451
ENSMUSG00000020911,1.700359457
ENSMUSG00000020917,-0.688092731
ENSMUSG00000020923,-0.266805833
ENSMUSG00000020936,0.400302302
ENSMUSG00000020946,-0.310103365
ENSMUSG00000020954,-0.214455014
ENSMUSG00000020956,0.225020633
ENSMUSG00000020982,0.268568492
ENSMUSG00000020986,-0.270748412
ENSMUSG00000020988,-0.683697036
ENSMUSG00000020993,0.357780759
ENSMUSG00000021003,-0.318074438
ENSMUSG00000021033,1.09166251
ENSMUSG00000021037,0.896866571
ENSMUSG00000021044,-0.398931892
ENSMUSG00000021048,-0.581761287
ENSMUSG00000021062,-0.69118362
ENSMUSG00000021096,-0.414763846
ENSMUSG00000021102,-0.431527099
ENSMUSG00000021116,0.202177996
ENSMUSG00000021124,0.177113276
ENSMUSG00000021134,-0.252734717
ENSMUSG00000021144,0.362631416
ENSMUSG00000021147,0.337512873
ENSMUSG00000021178,0.296653492
ENSMUSG00000021190,1.391361465
ENSMUSG00000021192,0.488761998
ENSMUSG00000021193,-0.75464671
ENSMUSG00000021194,-0.925930926
ENSMUSG00000021196,1.089262338
ENSMUSG00000021238,-0.4293498
ENSMUSG00000021266,0.420592552
ENSMUSG00000021270,0.593144736
ENSMUSG00000021282,-0.383815497
ENSMUSG00000021314,0.494809262
ENSMUSG00000021340,0.494348201
ENSMUSG00000021371,-0.590000165
ENSMUSG00000021377,-0.355834996
ENSMUSG00000021460,-0.3735859
ENSMUSG00000021464,0.358880237
ENSMUSG00000021468,0.394460074
ENSMUSG00000021476,-1.919788249
ENSMUSG00000021484,-0.610414505
ENSMUSG00000021496,-0.474784207
ENSMUSG00000021546,-0.293626375
ENSMUSG00000021577,-0.400546704
ENSMUSG00000021585,1.130849833
ENSMUSG00000021587,-1.049810472
ENSMUSG00000021591,-0.307426369
ENSMUSG00000021595,-0.255123453
ENSMUSG00000021610,-0.494093672
ENSMUSG00000021646,-0.467408685
ENSMUSG00000021665,0.483675775
ENSMUSG00000021676,0.252374038
ENSMUSG00000021687,-0.838604027
ENSMUSG00000021693,0.663983867
ENSMUSG00000021715,0.790944577
ENSMUSG00000021748,-0.592957687
ENSMUSG00000021773,0.202318678
ENSMUSG00000021786,-0.414644842
ENSMUSG00000021792,0.493791102
ENSMUSG00000021794,-0.481523546
ENSMUSG00000021816,0.978023195
ENSMUSG00000021823,0.840126108
ENSMUSG00000021843,0.781640913
ENSMUSG00000021866,1.504801363
ENSMUSG00000021868,-0.479261013
ENSMUSG00000021871,0.463199151
ENSMUSG00000021877,-0.490689501
ENSMUSG00000021879,0.360104105
ENSMUSG00000021884,0.844135987
ENSMUSG00000021906,-0.902002452
ENSMUSG00000021916,-0.400541868
ENSMUSG00000021938,0.513359003
ENSMUSG00000021947,0.697566398
ENSMUSG00000021973,0.57858723
ENSMUSG00000022020,0.554069138
ENSMUSG00000022024,1.06489609
ENSMUSG00000022031,0.155151704
ENSMUSG00000022040,-0.572415351
ENSMUSG00000022052,0.372084159
ENSMUSG00000022110,-0.434221839
ENSMUSG00000022111,0.97434003
ENSMUSG00000022136,-0.485242958
ENSMUSG00000022142,-0.336436684
ENSMUSG00000022186,-0.218540342
ENSMUSG00000022194,-0.726102594
ENSMUSG00000022200,-0.483449682
ENSMUSG00000022201,0.87094883
ENSMUSG00000022205,-0.655283932
ENSMUSG00000022223,-0.914562335
ENSMUSG00000022234,0.353972689
ENSMUSG00000022235,0.725307587
ENSMUSG00000022244,0.717918571
ENSMUSG00000022283,0.570873918
ENSMUSG00000022315,-1.211280171
ENSMUSG00000022353,0.239188976
ENSMUSG00000022370,0.582172181
ENSMUSG00000022407,0.422369445
ENSMUSG00000022421,-0.680994415
ENSMUSG00000022443,0.807041295
ENSMUSG00000022464,1.193764275
ENSMUSG00000022466,0.816173794
ENSMUSG00000022477,-0.568564431
ENSMUSG00000022516,-0.813321084
ENSMUSG00000022540,-0.143201121
ENSMUSG00000022555,1.905194002
ENSMUSG00000022565,0.846181426
ENSMUSG00000022570,0.981225143
ENSMUSG00000022607,0.33702402
ENSMUSG00000022614,0.397683319
ENSMUSG00000022661,0.925781414
ENSMUSG00000022742,-0.2718419
ENSMUSG00000022749,0.393196963
ENSMUSG00000022789,0.279785835
ENSMUSG00000022853,1.262743159
ENSMUSG00000022890,-0.339198555
ENSMUSG00000022898,0.615248841
ENSMUSG00000022946,-0.212667272
ENSMUSG00000022947,1.038735872
ENSMUSG00000022961,0.30954778
ENSMUSG00000022962,0.360887929
ENSMUSG00000022973,0.621558844
ENSMUSG00000022986,1.155088494
ENSMUSG00000023019,0.498262491
ENSMUSG00000023021,3.839433477
ENSMUSG00000023039,1.550522503
ENSMUSG00000023043,1.548591052
ENSMUSG00000023044,1.269699135
ENSMUSG00000023092,0.46767019
ENSMUSG00000023122,-0.811014769
ENSMUSG00000023186,0.667387859
ENSMUSG00000023236,-0.936033425
ENSMUSG00000023456,0.431819315
ENSMUSG00000023473,1.727138995
ENSMUSG00000023830,-0.387130139
ENSMUSG00000023944,0.30988649
ENSMUSG00000023973,-0.717717807
ENSMUSG00000024007,0.221411405
ENSMUSG00000024027,-0.761897386
ENSMUSG00000024036,-1.2708047
ENSMUSG00000024045,0.325354141
ENSMUSG00000024077,0.397077308
ENSMUSG00000024082,-0.592007387
ENSMUSG00000024083,0.482607093
ENSMUSG00000024085,0.40617795
ENSMUSG00000024095,-0.266558832
ENSMUSG00000024097,-0.325087937
ENSMUSG00000024098,-0.768890398
ENSMUSG00000024122,-0.369541427
ENSMUSG00000024142,0.204770707
ENSMUSG00000024150,0.656493189
ENSMUSG00000024213,-0.458025055
ENSMUSG00000024231,0.528155853
ENSMUSG00000024236,0.910027962
ENSMUSG00000024286,-0.46025461
ENSMUSG00000024319,0.325372679
ENSMUSG00000024381,0.666835347
ENSMUSG00000024387,0.317338698
ENSMUSG00000024392,0.490811101
ENSMUSG00000024393,0.275552992
ENSMUSG00000024400,0.765779331
ENSMUSG00000024423,-0.470139949
ENSMUSG00000024429,0.40730338
ENSMUSG00000024480,-0.491709517
ENSMUSG00000024491,0.473904959
ENSMUSG00000024493,0.837567546
ENSMUSG00000024507,0.368405374
ENSMUSG00000024527,-0.401174989
ENSMUSG00000024556,0.578907493
ENSMUSG00000024581,-0.410288244
ENSMUSG00000024588,-0.861158493
ENSMUSG00000024594,-0.475880638
ENSMUSG00000024601,-0.952363234
ENSMUSG00000024614,-0.915154502
ENSMUSG00000024639,-0.276511486
ENSMUSG00000024654,0.97944823
ENSMUSG00000024659,1.549508721
ENSMUSG00000024687,-0.14167299
ENSMUSG00000024712,-0.55341372
ENSMUSG00000024725,0.58507438
ENSMUSG00000024740,0.336118073
ENSMUSG00000024742,-0.239027142
ENSMUSG00000024767,0.458027973
ENSMUSG00000024782,-0.561520477
ENSMUSG00000024812,0.984304536
ENSMUSG00000024855,0.508842058
ENSMUSG00000024899,-1.242253551
ENSMUSG00000024900,0.653275235
ENSMUSG00000024914,-0.608540048
ENSMUSG00000024921,0.332912657
ENSMUSG00000024927,0.727042296
ENSMUSG00000024942,0.40206915
ENSMUSG00000024957,6.769197147
ENSMUSG00000024966,0.591625166
ENSMUSG00000024969,0.216699014
ENSMUSG00000024975,0.845012045
ENSMUSG00000024976,0.584293663
ENSMUSG00000024990,-0.494702485
ENSMUSG00000024997,-0.289965436
ENSMUSG00000025006,0.822883885
ENSMUSG00000025007,-0.192939669
ENSMUSG00000025027,0.648054106
ENSMUSG00000025041,-0.355182359
ENSMUSG00000025068,1.568705764
ENSMUSG00000025130,-0.460009954
ENSMUSG00000025134,-0.452216173
ENSMUSG00000025139,-0.404246708
ENSMUSG00000025142,0.389329931
ENSMUSG00000025151,0.367977391
ENSMUSG00000025153,-0.189176504
ENSMUSG00000025162,0.293462973
ENSMUSG00000025175,0.908715257
ENSMUSG00000025178,0.380571435
ENSMUSG00000025190,-0.294946372
ENSMUSG00000025193,-0.25440736
ENSMUSG00000025228,0.316100774
ENSMUSG00000025232,0.224242365
ENSMUSG00000025239,0.485765649
ENSMUSG00000025240,-0.661674685
ENSMUSG00000025241,0.545633371
ENSMUSG00000025246,-0.375477908
ENSMUSG00000025260,-0.252859747
ENSMUSG00000025261,-0.107236726
ENSMUSG00000025262,-0.214942102
ENSMUSG00000025264,-0.323503784
ENSMUSG00000025277,0.427414404
ENSMUSG00000025278,0.357817588
ENSMUSG00000025290,0.369479051
ENSMUSG00000025326,0.510296031
ENSMUSG00000025351,-0.972666414
ENSMUSG00000025362,0.444199735
ENSMUSG00000025364,0.165248868
ENSMUSG00000025393,-0.177949529
ENSMUSG00000025410,0.281000224
ENSMUSG00000025417,-0.570534194
ENSMUSG00000025428,-0.175231891
ENSMUSG00000025464,1.420702512
ENSMUSG00000025465,-0.314938694
ENSMUSG00000025474,0.084116412
ENSMUSG00000025484,-0.261572254
ENSMUSG00000025504,0.675031763
ENSMUSG00000025510,1.254023607
ENSMUSG00000025533,0.888492194
ENSMUSG00000025555,0.398734757
ENSMUSG00000025579,0.986143609
ENSMUSG00000025613,0.372793785
ENSMUSG00000025745,-0.443101867
ENSMUSG00000025757,0.616705894
ENSMUSG00000025766,-1.044057511
ENSMUSG00000025777,-0.50749556
ENSMUSG00000025781,-0.145150939
ENSMUSG00000025809,0.326480445
ENSMUSG00000025823,-0.413687478
ENSMUSG00000025825,-0.331187192
ENSMUSG00000025855,-0.997931295
ENSMUSG00000025872,-1.019624021
ENSMUSG00000025917,0.216977505
ENSMUSG00000025937,-0.276682083
ENSMUSG00000025962,1.201659332
ENSMUSG00000025980,-0.667042447
ENSMUSG00000026000,0.929480537
ENSMUSG00000026005,-0.484684728
ENSMUSG00000026036,0.479992258
ENSMUSG00000026083,0.136565109
ENSMUSG00000026102,1.062747768
ENSMUSG00000026175,0.877367702
ENSMUSG00000026181,0.87829904
ENSMUSG00000026202,0.22215593
ENSMUSG00000026204,-0.49032873
ENSMUSG00000026208,1.532022835
ENSMUSG00000026209,0.301491886
ENSMUSG00000026229,0.255496478
ENSMUSG00000026245,0.97635244
ENSMUSG00000026275,0.437846951
ENSMUSG00000026289,0.493988732
ENSMUSG00000026307,-0.645868301
ENSMUSG00000026335,-0.675244132
ENSMUSG00000026339,0.408536099
ENSMUSG00000026353,0.38880561
ENSMUSG00000026356,0.575642088
ENSMUSG00000026357,-0.699977144
ENSMUSG00000026385,0.479112061
ENSMUSG00000026417,1.620248533
ENSMUSG00000026421,0.74757283
ENSMUSG00000026456,-0.460376749
ENSMUSG00000026466,0.486553898
ENSMUSG00000026470,0.306222783
ENSMUSG00000026473,-0.792919218
ENSMUSG00000026483,0.381274007
ENSMUSG00000026509,0.318070531
ENSMUSG00000026519,0.632545928
ENSMUSG00000026520,0.434847898
ENSMUSG00000026544,0.399727911
ENSMUSG00000026554,0.867361807
ENSMUSG00000026585,0.32837072
ENSMUSG00000026615,0.33992812
ENSMUSG00000026618,-0.332975106
ENSMUSG00000026626,-0.264707351
ENSMUSG00000026638,1.110957089
ENSMUSG00000026664,0.478703168
ENSMUSG00000026687,-0.395306754
ENSMUSG00000026688,1.347352113
ENSMUSG00000026694,0.337945785
ENSMUSG00000026701,-0.479708887
ENSMUSG00000026727,1.089221634
ENSMUSG00000026728,2.15016612
ENSMUSG00000026750,0.890300642
ENSMUSG00000026764,0.394863014
ENSMUSG00000026796,0.293697326
ENSMUSG00000026817,0.653520435
ENSMUSG00000026820,-0.610581553
ENSMUSG00000026827,-1.09975386
ENSMUSG00000026867,0.355626871
ENSMUSG00000026869,0.573014133
ENSMUSG00000026879,0.833571903
ENSMUSG00000026946,0.617296735
ENSMUSG00000026986,1.788650712
ENSMUSG00000026991,-0.625912124
ENSMUSG00000026999,-0.490677658
ENSMUSG00000027004,-0.96195148
ENSMUSG00000027087,0.695016814
ENSMUSG00000027111,0.982436882
ENSMUSG00000027162,-0.371177611
ENSMUSG00000027163,0.449649796
ENSMUSG00000027167,-1.056220829
ENSMUSG00000027170,0.103627115
ENSMUSG00000027184,0.619065571
ENSMUSG00000027188,1.129882538
ENSMUSG00000027201,-0.403858864
ENSMUSG00000027220,-0.938599326
ENSMUSG00000027227,0.263384112
ENSMUSG00000027247,-0.657471686
ENSMUSG00000027248,-0.6873345
ENSMUSG00000027273,0.450039661
ENSMUSG00000027332,-0.846807753
ENSMUSG00000027349,-0.568847322
ENSMUSG00000027363,0.753904118
ENSMUSG00000027400,-1.469124302
ENSMUSG00000027411,0.594297237
ENSMUSG00000027419,-0.784318572
ENSMUSG00000027428,0.777408582
ENSMUSG00000027430,1.126283141
ENSMUSG00000027455,0.53877475
ENSMUSG00000027506,-0.450738542
ENSMUSG00000027519,-0.370430928
ENSMUSG00000027523,-0.339841825
ENSMUSG00000027533,0.911924674
ENSMUSG00000027597,-0.356849638
ENSMUSG00000027603,1.476981025
ENSMUSG00000027605,0.235884671
ENSMUSG00000027639,0.371915472
ENSMUSG00000027646,0.277057529
ENSMUSG00000027668,0.949719387
ENSMUSG00000027680,0.73327808
ENSMUSG00000027708,-0.422920847
ENSMUSG00000027710,-0.786274576
ENSMUSG00000027722,0.644167343
ENSMUSG00000027739,-0.687222912
ENSMUSG00000027770,0.620678668
ENSMUSG00000027784,-0.602625612
ENSMUSG00000027799,0.297852731
ENSMUSG00000027804,0.46633164
ENSMUSG00000027810,1.088242481
ENSMUSG00000027879,-0.26219278
ENSMUSG00000027940,0.261842365
ENSMUSG00000027951,1.060345819
ENSMUSG00000027984,-0.758882643
ENSMUSG00000028024,0.701767332
ENSMUSG00000028049,0.349073951
ENSMUSG00000028059,0.7500254
ENSMUSG00000028063,0.320127922
ENSMUSG00000028102,0.727514802
ENSMUSG00000028106,0.437517414
ENSMUSG00000028127,0.504802321
ENSMUSG00000028137,-0.320556181
ENSMUSG00000028158,-0.495558004
ENSMUSG00000028163,0.518194452
ENSMUSG00000028165,-0.37509777
ENSMUSG00000028189,0.565016941
ENSMUSG00000028199,0.994382412
ENSMUSG00000028273,0.264901692
ENSMUSG00000028328,1.275150669
ENSMUSG00000028334,-0.348656109
ENSMUSG00000028382,-0.273694563
ENSMUSG00000028385,-0.549523312
ENSMUSG00000028405,0.510440039
ENSMUSG00000028416,-0.217483215
ENSMUSG00000028419,-0.16233848
ENSMUSG00000028430,1.582224397
ENSMUSG00000028447,0.212589025
ENSMUSG00000028465,0.636430108
ENSMUSG00000028467,0.872124771
ENSMUSG00000028555,-0.297945846
ENSMUSG00000028556,0.73680737
ENSMUSG00000028559,0.729130933
ENSMUSG00000028567,0.516144151
ENSMUSG00000028568,0.304335198
ENSMUSG00000028572,0.162422615
ENSMUSG00000028576,0.476658439
ENSMUSG00000028577,-0.381783004
ENSMUSG00000028601,-1.199499373
ENSMUSG00000028639,0.740831673
ENSMUSG00000028646,-0.643484693
ENSMUSG00000028656,0.29449273
ENSMUSG00000028669,-0.577467893
ENSMUSG00000028672,0.276940734
ENSMUSG00000028673,0.949066883
ENSMUSG00000028676,-0.305664014
ENSMUSG00000028691,-0.164602018
ENSMUSG00000028692,0.313846703
ENSMUSG00000028737,-0.762969431
ENSMUSG00000028745,0.179351068
ENSMUSG00000028755,-0.94758901
ENSMUSG00000028790,-0.090834023
ENSMUSG00000028849,0.517868678
ENSMUSG00000028851,0.548043841
ENSMUSG00000028860,1.042786675
ENSMUSG00000028910,-0.598541772
ENSMUSG00000028945,-0.529983736
ENSMUSG00000028955,-0.738000981
ENSMUSG00000028960,0.628266593
ENSMUSG00000028969,0.515254688
ENSMUSG00000028975,1.054227998
ENSMUSG00000028990,-2.355001167
ENSMUSG00000028991,-0.375844563
ENSMUSG00000028999,0.346546326
ENSMUSG00000029014,0.843934377
ENSMUSG00000029056,0.838304629
ENSMUSG00000029059,0.479440892
ENSMUSG00000029064,-0.900016901
ENSMUSG00000029086,0.940740166
ENSMUSG00000029102,-0.438983232
ENSMUSG00000029103,0.478661162
ENSMUSG00000029106,0.39807055
ENSMUSG00000029121,1.519485427
ENSMUSG00000029145,0.985876643
ENSMUSG00000029174,0.200041262
ENSMUSG00000029185,-0.214360976
ENSMUSG00000029209,-0.345460515
ENSMUSG00000029223,1.4765227
ENSMUSG00000029247,0.765549157
ENSMUSG00000029265,-0.654218746
ENSMUSG00000029291,0.49732142
ENSMUSG00000029311,1.073944969
ENSMUSG00000029388,0.653651034
ENSMUSG00000029404,1.132533812
ENSMUSG00000029405,0.896282797
ENSMUSG00000029407,-0.299257083
ENSMUSG00000029430,-0.319731592
ENSMUSG00000029431,-0.539044176
ENSMUSG00000029433,-0.940837018
ENSMUSG00000029434,-0.179299599
ENSMUSG00000029447,0.431194691
ENSMUSG00000029456,0.274587642
ENSMUSG00000029470,0.903563992
ENSMUSG00000029484,0.928058848
ENSMUSG00000029500,0.301446244
ENSMUSG00000029518,-0.384394546
ENSMUSG00000029545,0.316293077
ENSMUSG00000029552,0.597071812
ENSMUSG00000029575,-0.425010538
ENSMUSG00000029581,-1.856145448
ENSMUSG00000029610,0.689499941
ENSMUSG00000029616,0.631289306
ENSMUSG00000029621,-0.611231832
ENSMUSG00000029622,0.350372964
ENSMUSG00000029632,-0.838978184
ENSMUSG00000029644,-0.377676844
ENSMUSG00000029657,0.416847528
ENSMUSG00000029713,-0.527027233
ENSMUSG00000029757,0.69897847
ENSMUSG00000029772,-0.222684477
ENSMUSG00000029823,-0.368534954
ENSMUSG00000029836,-0.147660148
ENSMUSG00000029840,-0.41904776
ENSMUSG00000029992,-0.588631547
ENSMUSG00000029998,-0.700690406
ENSMUSG00000030007,0.352425245
ENSMUSG00000030036,0.709170597
ENSMUSG00000030058,-0.351318193
ENSMUSG00000030079,0.51729581
ENSMUSG00000030082,-0.313620031
ENSMUSG00000030189,1.371402509
ENSMUSG00000030216,-0.326576667
ENSMUSG00000030245,-0.813044809
ENSMUSG00000030246,2.078491808
ENSMUSG00000030272,0.589883876
ENSMUSG00000030298,-0.23479567
ENSMUSG00000030301,0.661180776
ENSMUSG00000030302,-0.887986588
ENSMUSG00000030304,0.284507217
ENSMUSG00000030319,0.626688428
ENSMUSG00000030327,-0.136965093
ENSMUSG00000030403,0.697113858
ENSMUSG00000030409,-1.070151413
ENSMUSG00000030447,0.128879864
ENSMUSG00000030512,-0.244368366
ENSMUSG00000030533,0.944999578
ENSMUSG00000030536,0.27767478
ENSMUSG00000030541,-0.602276002
ENSMUSG00000030555,-0.261269388
ENSMUSG00000030560,0.943619172
ENSMUSG00000030655,-0.491359134
ENSMUSG00000030659,-0.662762785
ENSMUSG00000030681,0.742988876
ENSMUSG00000030683,0.239176551
ENSMUSG00000030739,1.722500232
ENSMUSG00000030754,-0.300852813
ENSMUSG00000030759,0.780616249
ENSMUSG00000030770,-0.345515396
ENSMUSG00000030793,0.786723755
ENSMUSG00000030795,-0.257846468
ENSMUSG00000030824,-0.34863523
ENSMUSG00000030826,-0.216970989
ENSMUSG00000030838,0.499719859
ENSMUSG00000030842,-0.464874928
ENSMUSG00000030847,1.823825931
ENSMUSG00000030852,0.779741197
ENSMUSG00000030861,-0.641451036
ENSMUSG00000030870,-0.536427559
ENSMUSG00000030873,1.552114167
ENSMUSG00000030881,0.175172104
ENSMUSG00000030890,0.642061726
ENSMUSG00000030894,-0.438332873
ENSMUSG00000030909,0.678701131
ENSMUSG00000030942,-0.348531464
ENSMUSG00000030978,0.931194265
ENSMUSG00000030986,-0.514432186
ENSMUSG00000030987,0.348625227
ENSMUSG00000031060,-0.165524664
ENSMUSG00000031068,0.331124742
ENSMUSG00000031078,0.155600058
ENSMUSG00000031093,1.365571302
ENSMUSG00000031095,0.34307184
ENSMUSG00000031105,-1.115104605
ENSMUSG00000031134,-0.218158196
ENSMUSG00000031144,-0.324929879
ENSMUSG00000031149,0.946553583
ENSMUSG00000031161,0.451597523
ENSMUSG00000031176,-0.309050006
ENSMUSG00000031201,0.414859672
ENSMUSG00000031202,-0.538820282
ENSMUSG00000031207,0.58694984
ENSMUSG00000031246,-0.322374616
ENSMUSG00000031266,0.780490517
ENSMUSG00000031299,-0.673549423
ENSMUSG00000031309,0.159019364
ENSMUSG00000031333,-0.905721163
ENSMUSG00000031357,-0.828898132
ENSMUSG00000031360,0.583347881
ENSMUSG00000031388,0.733502424
ENSMUSG00000031393,-0.242221555
ENSMUSG00000031400,0.343983591
ENSMUSG00000031402,0.698978636
ENSMUSG00000031432,-0.553207597
ENSMUSG00000031447,-0.852399321
ENSMUSG00000031539,-0.128682238
ENSMUSG00000031555,-0.603536102
ENSMUSG00000031584,-0.52105821
ENSMUSG00000031596,-0.444645895
ENSMUSG00000031601,-0.901518794
ENSMUSG00000031626,0.785533003
ENSMUSG00000031634,0.515941714
ENSMUSG00000031671,-0.768466652
ENSMUSG00000031672,-0.333922772
ENSMUSG00000031681,0.846851524
ENSMUSG00000031696,0.344508542
ENSMUSG00000031701,0.151621876
ENSMUSG00000031708,0.682446753
ENSMUSG00000031729,0.365477219
ENSMUSG00000031731,0.270496402
ENSMUSG00000031748,-0.617493452
ENSMUSG00000031767,-0.923835904
ENSMUSG00000031838,1.735026841
ENSMUSG00000031840,-1.079004462
ENSMUSG00000031865,0.172941883
ENSMUSG00000031887,0.332203627
ENSMUSG00000031903,0.529052142
ENSMUSG00000031913,0.194607371
ENSMUSG00000031916,0.417043167
ENSMUSG00000031948,0.420877731
ENSMUSG00000031958,-0.365965126
ENSMUSG00000031974,-0.673327913
ENSMUSG00000031988,0.333599948
ENSMUSG00000032040,-0.676753103
ENSMUSG00000032046,0.440102746
ENSMUSG00000032047,-0.182069522
ENSMUSG00000032050,0.556216819
ENSMUSG00000032060,2.143684614
ENSMUSG00000032078,0.392624411
ENSMUSG00000032103,-2.717109278
ENSMUSG00000032115,-0.628538951
ENSMUSG00000032120,-0.642713161
ENSMUSG00000032126,0.412625749
ENSMUSG00000032181,-0.703631147
ENSMUSG00000032184,-0.379065433
ENSMUSG00000032202,-0.456668507
ENSMUSG00000032212,-0.134640957
ENSMUSG00000032220,0.951801326
ENSMUSG00000032231,0.708053715
ENSMUSG00000032279,-0.880067677
ENSMUSG00000032280,-0.588114141
ENSMUSG00000032285,0.51299261
ENSMUSG00000032289,-3.034194834
ENSMUSG00000032290,-0.884128364
ENSMUSG00000032306,0.7039165
ENSMUSG00000032314,-0.364322886
ENSMUSG00000032320,-0.556638018
ENSMUSG00000032328,-0.630833966
ENSMUSG00000032336,-0.213655995
ENSMUSG00000032352,0.631299786
ENSMUSG00000032369,0.839144935
ENSMUSG00000032383,0.44989448
ENSMUSG00000032386,0.570543389
ENSMUSG00000032412,0.563585905
ENSMUSG00000032423,-0.236111461
ENSMUSG00000032434,0.345967389
ENSMUSG00000032475,0.320450204
ENSMUSG00000032479,0.758944494
ENSMUSG00000032504,-0.175977696
ENSMUSG00000032527,-0.530756631
ENSMUSG00000032549,-0.329062545
ENSMUSG00000032553,-0.573584005
ENSMUSG00000032557,-0.229112831
ENSMUSG00000032562,-0.456406233
ENSMUSG00000032565,0.535304897
ENSMUSG00000032575,-0.669317015
ENSMUSG00000032590,0.329209927
ENSMUSG00000032602,1.068158932
ENSMUSG00000032607,0.308602445
ENSMUSG00000032615,-0.528950053
ENSMUSG00000032763,1.471665086
ENSMUSG00000032788,-0.489647248
ENSMUSG00000032959,-0.441845343
ENSMUSG00000032966,-0.438532071
ENSMUSG00000032997,0.27773986
ENSMUSG00000033014,0.42646762
ENSMUSG00000033088,0.740180987
ENSMUSG00000033157,-0.881695495
ENSMUSG00000033166,0.185916239
ENSMUSG00000033174,0.603334054
ENSMUSG00000033318,1.560956311
ENSMUSG00000033352,0.482501938
ENSMUSG00000033392,0.661171382
ENSMUSG00000033436,1.003403951
ENSMUSG00000033444,0.348141153
ENSMUSG00000033542,1.157472844
ENSMUSG00000033557,-0.477577259
ENSMUSG00000033684,-0.452911443
ENSMUSG00000033703,0.551337648
ENSMUSG00000033732,-0.154082311
ENSMUSG00000033735,0.893099485
ENSMUSG00000033792,0.54588844
ENSMUSG00000033809,1.064611085
ENSMUSG00000033871,-1.05496571
ENSMUSG00000033955,0.522332776
ENSMUSG00000034024,0.396384688
ENSMUSG00000034064,0.855474928
ENSMUSG00000034088,0.392286313
ENSMUSG00000034108,0.940959262
ENSMUSG00000034111,-0.575127007
ENSMUSG00000034145,0.615802576
ENSMUSG00000034254,-0.435886752
ENSMUSG00000034259,0.388448917
ENSMUSG00000034371,0.299775025
ENSMUSG00000034442,0.541053086
ENSMUSG00000034566,-0.343340218
ENSMUSG00000034675,1.435136536
ENSMUSG00000034707,-0.687611194
ENSMUSG00000034709,0.574928425
ENSMUSG00000034744,0.993182136
ENSMUSG00000034781,-0.570707443
ENSMUSG00000034826,-0.263148013
ENSMUSG00000034868,0.570537688
ENSMUSG00000034891,0.307543357
ENSMUSG00000034893,-2.612519295
ENSMUSG00000034903,0.426949874
ENSMUSG00000034993,-0.359263788
ENSMUSG00000035078,-0.232930084
ENSMUSG00000035121,0.701168225
ENSMUSG00000035232,-0.298283224
ENSMUSG00000035325,-0.351656523
ENSMUSG00000035437,0.205653963
ENSMUSG00000035443,0.241212093
ENSMUSG00000035540,0.494641513
ENSMUSG00000035620,0.46614072
ENSMUSG00000035632,-0.477429166
ENSMUSG00000035637,0.769956319
ENSMUSG00000035666,-0.253612925
ENSMUSG00000035780,-0.52457097
ENSMUSG00000035804,-2.503199454
ENSMUSG00000035824,-1.375621294
ENSMUSG00000035936,-0.632372668
ENSMUSG00000036053,0.517293038
ENSMUSG00000036057,0.255325474
ENSMUSG00000036138,0.493177675
ENSMUSG00000036160,-0.254625738
ENSMUSG00000036180,0.22175631
ENSMUSG00000036206,0.510193496
ENSMUSG00000036256,-0.542002136
ENSMUSG00000036257,-0.877354631
ENSMUSG00000036278,-0.483338463
ENSMUSG00000036402,-1.176369198
ENSMUSG00000036499,-0.29177765
ENSMUSG00000036513,0.318714175
ENSMUSG00000036550,-0.94095252
ENSMUSG00000036632,0.334081277
ENSMUSG00000036686,0.782104711
ENSMUSG00000036698,-0.484069781
ENSMUSG00000036733,2.556173467
ENSMUSG00000036752,0.323571725
ENSMUSG00000036769,-0.25695788
ENSMUSG00000036820,-0.466584945
ENSMUSG00000036932,0.460967522
ENSMUSG00000036943,-0.293183374
ENSMUSG00000036968,0.940216219
ENSMUSG00000036986,0.586494449
ENSMUSG00000037012,1.071908532
ENSMUSG00000037149,0.286269259
ENSMUSG00000037217,0.515446701
ENSMUSG00000037331,-0.342399646
ENSMUSG00000037344,0.934715859
ENSMUSG00000037353,0.834684112
ENSMUSG00000037364,-0.140680623
ENSMUSG00000037373,-0.557559147
ENSMUSG00000037379,1.147883523
ENSMUSG00000037470,-0.471375514
ENSMUSG00000037523,1.07619968
ENSMUSG00000037613,1.30046628
ENSMUSG00000037712,0.646902528
ENSMUSG00000037720,0.436206804
ENSMUSG00000037722,-0.360771269
ENSMUSG00000037736,1.75175125
ENSMUSG00000037742,-0.30911772
ENSMUSG00000037805,0.182154049
ENSMUSG00000037851,1.173526108
ENSMUSG00000037852,-1.574847808
ENSMUSG00000038024,-0.343394649
ENSMUSG00000038039,0.595271104
ENSMUSG00000038168,1.088482077
ENSMUSG00000038172,-0.436809657
ENSMUSG00000038213,0.533377403
ENSMUSG00000038372,0.262348887
ENSMUSG00000038387,1.042566393
ENSMUSG00000038422,-0.349223603
ENSMUSG00000038429,0.463166817
ENSMUSG00000038599,0.265303888
ENSMUSG00000038650,1.070279815
ENSMUSG00000038733,-0.46249078
ENSMUSG00000038762,0.449980209
ENSMUSG00000038776,1.63816601
ENSMUSG00000038807,-0.71483468
ENSMUSG00000038828,0.484089695
ENSMUSG00000038844,0.602699235
ENSMUSG00000038859,0.785058105
ENSMUSG00000038880,0.368746862
ENSMUSG00000038900,0.143930471
ENSMUSG00000038991,-0.698059863
ENSMUSG00000039000,0.376461773
ENSMUSG00000039007,-0.510806111
ENSMUSG00000039041,0.251456716
ENSMUSG00000039047,0.529397935
ENSMUSG00000039050,-0.458648661
ENSMUSG00000039062,1.113318132
ENSMUSG00000039063,0.498963435
ENSMUSG00000039108,-0.372448345
ENSMUSG00000039126,-0.310298574
ENSMUSG00000039148,0.209323539
ENSMUSG00000039197,-0.606261054
ENSMUSG00000039230,0.494580429
ENSMUSG00000039253,0.347916747
ENSMUSG00000039262,0.885183717
ENSMUSG00000039263,0.436692051
ENSMUSG00000039361,0.547464265
ENSMUSG00000039382,0.38908796
ENSMUSG00000039431,-0.117627019
ENSMUSG00000039450,0.733819034
ENSMUSG00000039463,-0.764584459
ENSMUSG00000039501,0.571176085
ENSMUSG00000039630,-0.187134946
ENSMUSG00000039682,0.967108827
ENSMUSG00000039697,1.827192128
ENSMUSG00000039704,-0.292294691
ENSMUSG00000039740,-0.201190311
ENSMUSG00000039745,0.775003819
ENSMUSG00000039756,0.605714483
ENSMUSG00000039804,0.543155429
ENSMUSG00000039865,1.195480619
ENSMUSG00000040009,-0.27138376
ENSMUSG00000040010,-0.684840962
ENSMUSG00000040018,-0.370804605
ENSMUSG00000040025,0.473707591
ENSMUSG00000040028,-0.518334083
ENSMUSG00000040158,1.20098489
ENSMUSG00000040236,0.169749286
ENSMUSG00000040249,1.716577597
ENSMUSG00000040322,0.581872743
ENSMUSG00000040354,0.535895184
ENSMUSG00000040446,-0.505824461
ENSMUSG00000040462,-0.33560711
ENSMUSG00000040466,0.765958518
ENSMUSG00000040549,0.416933631
ENSMUSG00000040550,-0.51595379
ENSMUSG00000040560,-0.313220193
ENSMUSG00000040562,0.679223917
ENSMUSG00000040605,-0.478450464
ENSMUSG00000040618,-0.638600176
ENSMUSG00000040675,0.215639419
ENSMUSG00000040687,0.56257677
ENSMUSG00000040699,0.734035909
ENSMUSG00000040701,-2.393272362
ENSMUSG00000040713,-1.103424109
ENSMUSG00000040714,0.779965594
ENSMUSG00000040728,-0.423339334
ENSMUSG00000040731,0.355233058
ENSMUSG00000040760,-0.183567597
ENSMUSG00000040811,0.097849494
ENSMUSG00000040820,0.873327217
ENSMUSG00000040859,0.257375679
ENSMUSG00000040875,0.668945782
ENSMUSG00000040883,1.343833561
ENSMUSG00000040940,0.394306009
ENSMUSG00000041237,-0.265236126
ENSMUSG00000041278,0.44494936
ENSMUSG00000041308,0.51163422
ENSMUSG00000041341,0.252299357
ENSMUSG00000041375,-1.570930565
ENSMUSG00000041417,0.426805759
ENSMUSG00000041426,-0.303179161
ENSMUSG00000041439,0.983171435
ENSMUSG00000041488,-0.545703254
ENSMUSG00000041530,-0.493746101
ENSMUSG00000041556,-0.29467259
ENSMUSG00000041632,0.310170526
ENSMUSG00000041650,-0.440726697
ENSMUSG00000041654,1.329013321
ENSMUSG00000041685,0.293929411
ENSMUSG00000041729,0.747918063
ENSMUSG00000041757,0.590973891
ENSMUSG00000041763,0.503895481
ENSMUSG00000041859,0.706210549
ENSMUSG00000041895,0.469660799
ENSMUSG00000041926,0.323140431
ENSMUSG00000042015,-0.433014213
ENSMUSG00000042032,-0.562937542
ENSMUSG00000042055,-0.51992979
ENSMUSG00000042082,-0.742211345
ENSMUSG00000042111,-0.681443824
ENSMUSG00000042249,0.352518153
ENSMUSG00000042284,0.939295869
ENSMUSG00000042298,-0.569664537
ENSMUSG00000042303,0.501326859
ENSMUSG00000042312,2.007424523
ENSMUSG00000042473,-0.284954737
ENSMUSG00000042502,0.273548376
ENSMUSG00000042557,0.385934742
ENSMUSG00000042569,0.424786374
ENSMUSG00000042625,0.323353143
ENSMUSG00000042628,0.432717219
ENSMUSG00000042642,0.690102197
ENSMUSG00000042705,0.482754549
ENSMUSG00000042787,-0.427307101
ENSMUSG00000042808,0.288847098
ENSMUSG00000043004,0.695801664
ENSMUSG00000043079,0.884115924
ENSMUSG00000043091,0.731022971
ENSMUSG00000043384,1.255013075
ENSMUSG00000043702,-0.343519681
ENSMUSG00000043733,-0.435768327
ENSMUSG00000043991,-0.264485102
ENSMUSG00000044030,-0.354538403
ENSMUSG00000044080,3.234396789
ENSMUSG00000044139,-1.124368348
ENSMUSG00000044155,-0.375200328
ENSMUSG00000044252,1.18667898
ENSMUSG00000044600,-0.918583168
ENSMUSG00000044857,1.01371993
ENSMUSG00000044982,-0.475317734
ENSMUSG00000044988,-1.205662745
ENSMUSG00000045038,-0.402315687
ENSMUSG00000045180,0.707106332
ENSMUSG00000045594,0.823669002
ENSMUSG00000045973,-0.609483358
ENSMUSG00000046032,-0.426235378
ENSMUSG00000046070,1.090527925
ENSMUSG00000046364,0.638083171
ENSMUSG00000046562,0.270284025
ENSMUSG00000046573,-0.492355056
ENSMUSG00000046613,-0.258688919
ENSMUSG00000046671,-0.21294451
ENSMUSG00000046711,-0.577844876
ENSMUSG00000046785,0.654554056
ENSMUSG00000046836,-0.490901128
ENSMUSG00000046865,-0.060271407
ENSMUSG00000047187,-0.451923857
ENSMUSG00000047215,0.255551153
ENSMUSG00000047454,1.461112288
ENSMUSG00000047557,1.219411653
ENSMUSG00000047714,-0.444495078
ENSMUSG00000047866,0.551540853
ENSMUSG00000047879,0.339449499
ENSMUSG00000047888,-0.252524755
ENSMUSG00000048000,0.73148744
ENSMUSG00000048007,-0.52321355
ENSMUSG00000048120,1.225930976
ENSMUSG00000048486,0.543935869
ENSMUSG00000048550,-0.500823684
ENSMUSG00000048755,-0.330612619
ENSMUSG00000049090,-0.565282915
ENSMUSG00000049382,1.390645672
ENSMUSG00000049439,-0.25511471
ENSMUSG00000049539,-0.322477985
ENSMUSG00000049550,-0.998049306
ENSMUSG00000049553,-2.644292353
ENSMUSG00000049659,0.265827092
ENSMUSG00000050335,1.465479858
ENSMUSG00000050965,-0.342286574
ENSMUSG00000051043,1.526303727
ENSMUSG00000051285,-0.644527813
ENSMUSG00000051359,-0.388634534
ENSMUSG00000051396,1.091442315
ENSMUSG00000051483,1.44881156
ENSMUSG00000051627,-0.52579322
ENSMUSG00000052085,0.603981104
ENSMUSG00000052102,-0.845411433
ENSMUSG00000052299,0.484700795
ENSMUSG00000052331,-0.2755691
ENSMUSG00000052459,-0.359204225
ENSMUSG00000052681,-0.563419802
ENSMUSG00000052727,-0.192438961
ENSMUSG00000052738,-0.4158275
ENSMUSG00000052889,-0.538359481
ENSMUSG00000053286,1.052440921
ENSMUSG00000053291,-0.201794331
ENSMUSG00000053317,-0.410323807
ENSMUSG00000053329,-0.456935523
ENSMUSG00000053617,-1.01676834
ENSMUSG00000053644,0.599312327
ENSMUSG00000053838,-0.172227253
ENSMUSG00000053846,-2.06964405
ENSMUSG00000053897,-1.379247639
ENSMUSG00000053898,1.034093061
ENSMUSG00000054065,1.244581464
ENSMUSG00000054099,-0.474559464
ENSMUSG00000054364,0.685003161
ENSMUSG00000054423,-0.399395968
ENSMUSG00000054435,0.782032314
ENSMUSG00000054455,-0.299877212
ENSMUSG00000054469,0.232608468
ENSMUSG00000054733,-0.213168339
ENSMUSG00000054808,0.483273246
ENSMUSG00000054836,0.359543644
ENSMUSG00000054889,1.346067023
ENSMUSG00000055022,0.828946737
ENSMUSG00000055041,0.450845148
ENSMUSG00000055065,-0.115441199
ENSMUSG00000055401,0.580342744
ENSMUSG00000055407,0.742318481
ENSMUSG00000055681,-0.469371307
ENSMUSG00000055817,0.660323413
ENSMUSG00000055943,0.347712616
ENSMUSG00000056131,-0.518601431
ENSMUSG00000056204,0.7530446
ENSMUSG00000056222,-1.04862448
ENSMUSG00000056553,-0.499852829
ENSMUSG00000056602,0.956437967
ENSMUSG00000056737,1.856424241
ENSMUSG00000056941,0.449701015
ENSMUSG00000057113,-0.96856925
ENSMUSG00000057230,-0.24379379
ENSMUSG00000057335,0.811275662
ENSMUSG00000057342,0.558511738
ENSMUSG00000057506,0.515981893
ENSMUSG00000057788,1.021060946
ENSMUSG00000057880,-0.824133764
ENSMUSG00000057914,1.076747602
ENSMUSG00000058135,0.601814267
ENSMUSG00000058230,-0.932667658
ENSMUSG00000058254,-1.284704604
ENSMUSG00000058297,-0.825132642
ENSMUSG00000058454,0.997208741
ENSMUSG00000058587,0.765034935
ENSMUSG00000058655,0.355700058
ENSMUSG00000058672,0.438528147
ENSMUSG00000058799,-0.202283172
ENSMUSG00000058835,0.22573785
ENSMUSG00000059005,-0.453929014
ENSMUSG00000059263,0.380208994
ENSMUSG00000059316,0.294411537
ENSMUSG00000059363,-0.631001928
ENSMUSG00000059439,0.346790527
ENSMUSG00000059447,-0.429153759
ENSMUSG00000059811,-0.326518253
ENSMUSG00000059890,0.604625856
ENSMUSG00000059970,0.427618385
ENSMUSG00000060036,0.218198769
ENSMUSG00000060216,0.919515265
ENSMUSG00000060261,-0.32555883
ENSMUSG00000060279,0.218045153
ENSMUSG00000060288,0.286898704
ENSMUSG00000060376,0.202297077
ENSMUSG00000060935,-0.588843689
ENSMUSG00000060950,-0.627057518
ENSMUSG00000060992,-0.415745388
ENSMUSG00000061286,-0.56590613
ENSMUSG00000061288,0.226058777
ENSMUSG00000061315,0.300209932
ENSMUSG00000061360,-0.231273004
ENSMUSG00000061613,-0.304144537
ENSMUSG00000061666,0.421957334
ENSMUSG00000061689,0.579505065
ENSMUSG00000061838,-0.515808633
ENSMUSG00000061904,-0.706604614
ENSMUSG00000062110,0.240893391
ENSMUSG00000062169,-0.445871256
ENSMUSG00000062190,0.215128261
ENSMUSG00000062203,0.189814164
ENSMUSG00000062234,0.884358023
ENSMUSG00000062373,-1.133372395
ENSMUSG00000062444,-0.116002444
ENSMUSG00000062691,-0.638402785
ENSMUSG00000062762,-0.304442062
ENSMUSG00000062867,0.709981278
ENSMUSG00000062995,0.414954987
ENSMUSG00000063019,-0.671435365
ENSMUSG00000063229,0.915148266
ENSMUSG00000063273,0.478158861
ENSMUSG00000063524,0.71323903
ENSMUSG00000063694,-0.860361265
ENSMUSG00000063704,0.207572169
ENSMUSG00000063856,0.486345554
ENSMUSG00000063904,0.579993806
ENSMUSG00000064145,-0.470401995
ENSMUSG00000064302,0.834067683
ENSMUSG00000065954,-0.413132159
ENSMUSG00000066151,0.764152204
ENSMUSG00000066235,0.790322854
ENSMUSG00000066324,-0.607302715
ENSMUSG00000066357,0.784402811
ENSMUSG00000066441,0.652137085
ENSMUSG00000066551,-0.6170418
ENSMUSG00000066705,-1.166161681
ENSMUSG00000067150,-0.382191501
ENSMUSG00000067367,0.885640238
ENSMUSG00000068015,0.259696929
ENSMUSG00000068039,0.436963676
ENSMUSG00000068206,0.435411692
ENSMUSG00000068220,1.103408355
ENSMUSG00000068328,0.978487923
ENSMUSG00000068329,-0.379605076
ENSMUSG00000068735,0.285004496
ENSMUSG00000068747,-0.819049784
ENSMUSG00000068798,-0.514783744
ENSMUSG00000068876,0.785483917
ENSMUSG00000068921,0.535753814
ENSMUSG00000069072,-0.463003802
ENSMUSG00000069227,0.206846139
ENSMUSG00000069539,0.563282801
ENSMUSG00000069662,1.231580147
ENSMUSG00000069769,-0.272157961
ENSMUSG00000069835,0.976442504
ENSMUSG00000070284,-0.226541865
ENSMUSG00000070319,0.218071314
ENSMUSG00000070372,0.445305378
ENSMUSG00000070436,1.06077546
ENSMUSG00000070493,-0.455448367
ENSMUSG00000070934,-0.604724383
ENSMUSG00000070953,0.553458021
ENSMUSG00000071172,-0.207870623
ENSMUSG00000071379,0.488928815
ENSMUSG00000071415,0.152511523
ENSMUSG00000071644,0.149920664
ENSMUSG00000071655,1.018990643
ENSMUSG00000071659,-0.137990781
ENSMUSG00000071723,0.537758257
ENSMUSG00000072115,-1.113430525
ENSMUSG00000073435,0.902064248
ENSMUSG00000073639,-0.630856029
ENSMUSG00000073676,-0.573715065
ENSMUSG00000073725,0.954170219
ENSMUSG00000073982,0.263467994
ENSMUSG00000074064,-0.453849134
ENSMUSG00000074088,-0.169443302
ENSMUSG00000074093,-0.853906298
ENSMUSG00000074207,1.043917421
ENSMUSG00000074364,0.408128094
ENSMUSG00000074698,0.270113762
ENSMUSG00000074922,0.501311333
ENSMUSG00000075528,0.557672811
ENSMUSG00000078348,-0.195473952
ENSMUSG00000078350,-0.303090457
ENSMUSG00000078427,-0.720502194
ENSMUSG00000078440,0.88687518
ENSMUSG00000078622,0.298858198
ENSMUSG00000078812,-0.292457728
ENSMUSG00000078919,-0.301780032
ENSMUSG00000078970,-0.641048687
ENSMUSG00000078974,-0.361549602
ENSMUSG00000079037,-0.44478003
ENSMUSG00000079478,1.645248515
ENSMUSG00000079508,-0.635474573
ENSMUSG00000079562,0.664161127
ENSMUSG00000083282,0.46772991
ENSMUSG00000086784,-0.628381793
ENSMUSG00000090150,1.361185329
ENSMUSG00000090223,0.601448709
ENSMUSG00000090231,-1.309748935
ENSMUSG00000090841,0.688777623
ENSMUSG00000091512,-0.347106546
ENSMUSG00000091971,-0.494861938
ENSMUSG00000094936,0.677067735
ENSMUSG00000096210,-0.828703419
ENSMUSG00000098557,0.609436576
ENSMUSG00000103565,0.501326859
ENSMUSG00000106447,0.727514802
